1,net-1,sys-1
1,net-1,sys-11
1,net-1,sys-6
1,net-2,sys-12
1,net-2,sys-2
1,net-2,sys-7
1,net-3,sys-13
1,net-3,sys-3
1,net-3,sys-8
1,net-4,sys-14
1,net-4,sys-4
1,net-4,sys-9
1,net-5,sys-10
1,net-5,sys-15
1,net-5,sys-5
2,net-1,sys-1
2,net-1,sys-11
2,net-1,sys-6
2,net-2,sys-12
2,net-2,sys-2
2,net-2,sys-7
2,net-3,sys-13
2,net-3,sys-3
2,net-3,sys-8
2,net-4,sys-14
2,net-4,sys-4
2,net-4,sys-9
2,net-5,sys-10
2,net-5,sys-15
2,net-5,sys-5
3,net-1,sys-1
3,net-1,sys-11
3,net-1,sys-6
3,net-2,sys-12
3,net-2,sys-2
3,net-2,sys-7
3,net-3,sys-13
3,net-3,sys-3
3,net-3,sys-8
3,net-4,sys-14
3,net-4,sys-4
3,net-4,sys-9
3,net-5,sys-10
3,net-5,sys-15
3,net-5,sys-5
4,net-1,sys-1
4,net-1,sys-11
4,net-1,sys-6
4,net-2,sys-12
4,net-2,sys-2
4,net-2,sys-7
4,net-3,sys-13
4,net-3,sys-3
4,net-3,sys-8
4,net-4,sys-14
4,net-4,sys-4
4,net-4,sys-9
4,net-5,sys-10
4,net-5,sys-15
4,net-5,sys-5
5,net-1,sys-1
5,net-1,sys-11
5,net-1,sys-6
5,net-2,sys-12
5,net-2,sys-2
5,net-2,sys-7
5,net-3,sys-13
5,net-3,sys-3
5,net-3,sys-8
5,net-4,sys-14
5,net-4,sys-4
5,net-4,sys-9
5,net-5,sys-10
5,net-5,sys-15
5,net-5,sys-5
6,net-1,sys-1
6,net-1,sys-11
6,net-1,sys-6
6,net-2,sys-12
6,net-2,sys-2
6,net-2,sys-7
6,net-3,sys-13
6,net-3,sys-3
6,net-3,sys-8
6,net-4,sys-14
6,net-4,sys-4
6,net-4,sys-9
6,net-5,sys-10
6,net-5,sys-15
6,net-5,sys-5
7,net-1,sys-1
7,net-1,sys-11
7,net-1,sys-6
7,net-2,sys-12
7,net-2,sys-2
7,net-2,sys-7
7,net-3,sys-13
7,net-3,sys-3
7,net-3,sys-8
7,net-4,sys-14
7,net-4,sys-4
7,net-4,sys-9
7,net-5,sys-10
7,net-5,sys-15
7,net-5,sys-5
8,net-1,sys-1
8,net-1,sys-11
8,net-1,sys-6
8,net-2,sys-12
8,net-2,sys-2
8,net-2,sys-7
8,net-3,sys-13
8,net-3,sys-3
8,net-3,sys-8
8,net-4,sys-14
8,net-4,sys-4
8,net-4,sys-9
8,net-5,sys-10
8,net-5,sys-15
8,net-5,sys-5
